"dataset","p","r"
"TCGA",2.40634483134297e-10,0.350747045755727
"AOCS",5.14255018908887e-09,0.349815688336133
"E.MTAB.386",0.0358381071608088,0.184988052770325
"GSE13876",1.55717396729979e-05,0.337342202137051
"GSE26193",9.99454603381875e-05,0.423686011241924
"GSE26712",4.27366239603202e-13,0.500031140344699
"GSE32062.GPL6480",1.6162466709446e-13,0.436469528881223
"GSE49997",0.137331572446593,0.114087570421691
"GSE51088",2.23020474210519e-08,0.485253789360443
