"type","value"
"p",0.00239778752860071
"mean.x",0.284474574666667
"mean.y",0.0121949615042735
